timestamp,temperature_c,humidity_pct,ghi_wm2,hour,day_of_week,is_weekend,occupancy_factor,comfort_setpoint_c,hvac_load_kw
2024-07-01 00:00:00,36.62,34.9,0.0,0,0,0,0.15,23.0,31.63
2024-07-01 01:00:00,34.94,41.5,0.0,1,0,0,0.15,23.0,29.65
2024-07-01 02:00:00,33.55,42.3,0.0,2,0,0,0.15,23.0,27.99
2024-07-01 03:00:00,32.35,45.2,0.0,3,0,0,0.15,23.0,26.56
2024-07-01 04:00:00,33.46,46.3,0.0,4,0,0,0.15,23.0,27.91
2024-07-01 05:00:00,33.58,40.9,0.0,5,0,0,0.15,23.0,28.02
2024-07-01 06:00:00,31.68,60.8,0.0,6,0,0,0.15,23.0,25.84
2024-07-01 07:00:00,32.54,58.1,0.0,7,0,0,0.15,23.0,26.86
2024-07-01 08:00:00,33.48,47.9,0.0,8,0,0,0.9,23.0,28.54
2024-07-01 09:00:00,34.45,43.3,257.47,9,0,0,0.9,23.0,30.45
2024-07-01 10:00:00,35.15,35.9,441.38,10,0,0,0.9,23.0,31.8
2024-07-01 11:00:00,37.11,32.0,551.72,11,0,0,0.9,23.0,34.47
2024-07-01 12:00:00,38.25,29.3,588.5,12,0,0,0.9,23.0,35.93
2024-07-01 13:00:00,39.14,26.2,551.72,13,0,0,0.9,23.0,36.87
2024-07-01 14:00:00,39.51,24.6,441.38,14,0,0,0.9,23.0,36.98
2024-07-01 15:00:00,40.33,23.6,257.47,15,0,0,0.9,23.0,37.41
2024-07-01 16:00:00,38.61,24.5,0.0,16,0,0,0.9,23.0,34.58
2024-07-01 17:00:00,41.18,31.6,0.0,17,0,0,0.9,23.0,37.69
2024-07-01 18:00:00,39.35,39.8,0.0,18,0,0,0.15,23.0,34.94
2024-07-01 19:00:00,39.5,36.7,0.0,19,0,0,0.15,23.0,35.1
2024-07-01 20:00:00,38.17,36.9,0.0,20,0,0,0.15,23.0,33.51
2024-07-01 21:00:00,38.51,38.5,0.0,21,0,0,0.15,23.0,33.93
2024-07-01 22:00:00,39.04,41.1,0.0,22,0,0,0.15,23.0,34.57
2024-07-01 23:00:00,37.49,44.0,0.0,23,0,0,0.15,23.0,32.73
2024-07-02 00:00:00,37.53,46.8,0.0,0,1,0,0.15,23.0,32.79
2024-07-02 01:00:00,35.9,49.1,0.0,1,1,0,0.15,23.0,30.84
2024-07-02 02:00:00,35.76,51.9,0.0,2,1,0,0.15,23.0,30.69
2024-07-02 03:00:00,35.06,52.0,0.0,3,1,0,0.15,23.0,29.85
2024-07-02 04:00:00,36.11,49.5,0.0,4,1,0,0.15,23.0,31.1
2024-07-02 05:00:00,35.76,51.6,0.0,5,1,0,0.15,23.0,30.69
2024-07-02 06:00:00,35.07,57.0,0.0,6,1,0,0.15,23.0,29.89
2024-07-02 07:00:00,36.22,53.4,0.0,7,1,0,0.15,23.0,31.25
2024-07-02 08:00:00,37.06,46.0,0.0,8,1,0,0.9,23.0,32.82
2024-07-02 09:00:00,37.91,34.4,257.21,9,1,0,0.9,23.0,34.56
2024-07-02 10:00:00,39.05,29.3,440.93,10,1,0,0.9,23.0,36.45
2024-07-02 11:00:00,40.07,24.6,551.17,11,1,0,0.9,23.0,37.98
2024-07-02 12:00:00,41.08,21.7,587.91,12,1,0,0.9,23.0,39.29
2024-07-02 13:00:00,41.34,19.3,551.17,13,1,0,0.9,23.0,39.47
2024-07-02 14:00:00,41.48,16.3,440.93,14,1,0,0.9,23.0,39.31
2024-07-02 15:00:00,41.65,14.0,257.21,15,1,0,0.9,23.0,38.94
2024-07-02 16:00:00,41.63,12.2,0.0,16,1,0,0.9,23.0,38.14
2024-07-02 17:00:00,41.34,11.7,0.0,17,1,0,0.9,23.0,37.79
2024-07-02 18:00:00,41.33,12.9,0.0,18,1,0,0.15,23.0,37.18
2024-07-02 19:00:00,40.75,12.7,0.0,19,1,0,0.15,23.0,36.49
2024-07-02 20:00:00,40.36,13.3,0.0,20,1,0,0.15,23.0,36.02
2024-07-02 21:00:00,39.52,14.1,0.0,21,1,0,0.15,23.0,35.02
2024-07-02 22:00:00,38.59,14.9,0.0,22,1,0,0.15,23.0,33.9
2024-07-02 23:00:00,38.07,15.6,0.0,23,1,0,0.15,23.0,33.28
2024-07-03 00:00:00,37.78,18.5,0.0,0,2,0,0.15,23.0,32.95
2024-07-03 01:00:00,36.95,26.4,0.0,1,2,0,0.15,23.0,31.99
2024-07-03 02:00:00,35.82,35.0,0.0,2,2,0,0.15,23.0,30.68
2024-07-03 03:00:00,35.97,42.2,0.0,3,2,0,0.15,23.0,30.9
2024-07-03 04:00:00,35.9,48.4,0.0,4,2,0,0.15,23.0,30.84
2024-07-03 05:00:00,34.69,50.7,0.0,5,2,0,0.15,23.0,29.41
2024-07-03 06:00:00,36.15,35.4,0.0,6,2,0,0.15,23.0,31.08
2024-07-03 07:00:00,36.31,31.0,0.0,7,2,0,0.15,23.0,31.25
2024-07-03 08:00:00,36.94,27.9,0.0,8,2,0,0.9,23.0,32.59
2024-07-03 09:00:00,38.34,23.9,256.94,9,2,0,0.9,23.0,35.02
2024-07-03 10:00:00,39.08,20.8,440.46,10,2,0,0.9,23.0,36.44
2024-07-03 11:00:00,39.36,18.4,550.57,11,2,0,0.9,23.0,37.1
2024-07-03 12:00:00,40.2,16.3,587.28,12,2,0,0.9,23.0,38.21
2024-07-03 13:00:00,40.91,14.6,550.57,13,2,0,0.9,23.0,38.94
2024-07-03 14:00:00,41.11,13.1,440.46,14,2,0,0.9,23.0,38.84
2024-07-03 15:00:00,41.53,11.7,256.94,15,2,0,0.9,23.0,38.78
2024-07-03 16:00:00,41.64,10.7,0.0,16,2,0,0.9,23.0,38.14
2024-07-03 17:00:00,41.62,11.0,0.0,17,2,0,0.9,23.0,38.12
2024-07-03 18:00:00,41.56,12.1,0.0,18,2,0,0.15,23.0,37.45
2024-07-03 19:00:00,40.9,12.5,0.0,19,2,0,0.15,23.0,36.66
2024-07-03 20:00:00,40.04,13.7,0.0,20,2,0,0.15,23.0,35.64
2024-07-03 21:00:00,39.13,13.9,0.0,21,2,0,0.15,23.0,34.55
2024-07-03 22:00:00,39.41,16.9,0.0,22,2,0,0.15,23.0,34.9
2024-07-03 23:00:00,38.27,28.4,0.0,23,2,0,0.15,23.0,33.59
2024-07-04 00:00:00,37.56,33.1,0.0,0,3,0,0.15,23.0,32.76
2024-07-04 01:00:00,36.2,36.3,0.0,1,3,0,0.15,23.0,31.14
2024-07-04 02:00:00,35.43,40.4,0.0,2,3,0,0.15,23.0,30.24
2024-07-04 03:00:00,35.01,43.8,0.0,3,3,0,0.15,23.0,29.75
2024-07-04 04:00:00,35.3,46.2,0.0,4,3,0,0.15,23.0,30.11
2024-07-04 05:00:00,34.84,48.4,0.0,5,3,0,0.15,23.0,29.57
2024-07-04 06:00:00,33.88,43.1,0.0,6,3,0,0.15,23.0,28.4
2024-07-04 07:00:00,34.61,40.5,0.0,7,3,0,0.15,23.0,29.26
2024-07-04 08:00:00,35.88,36.2,0.0,8,3,0,0.9,23.0,31.35
2024-07-04 09:00:00,37.52,31.0,256.64,9,3,0,0.9,23.0,34.07
2024-07-04 10:00:00,38.6,26.9,439.96,10,3,0,0.9,23.0,35.89
2024-07-04 11:00:00,39.49,23.4,549.95,11,3,0,0.9,23.0,37.27
2024-07-04 12:00:00,40.15,20.4,586.61,12,3,0,0.9,23.0,38.16
2024-07-04 13:00:00,40.67,17.8,549.95,13,3,0,0.9,23.0,38.67
2024-07-04 14:00:00,41.17,15.7,439.96,14,3,0,0.9,23.0,38.92
2024-07-04 15:00:00,41.25,14.4,256.64,15,3,0,0.9,23.0,38.46
2024-07-04 16:00:00,41.39,12.9,0.0,16,3,0,0.9,23.0,37.85
2024-07-04 17:00:00,41.5,10.9,0.0,17,3,0,0.9,23.0,37.98
2024-07-04 18:00:00,41.35,11.4,0.0,18,3,0,0.15,23.0,37.19
2024-07-04 19:00:00,40.79,12.1,0.0,19,3,0,0.15,23.0,36.53
2024-07-04 20:00:00,39.97,13.9,0.0,20,3,0,0.15,23.0,35.55
2024-07-04 21:00:00,38.99,14.4,0.0,21,3,0,0.15,23.0,34.39
2024-07-04 22:00:00,39.47,17.5,0.0,22,3,0,0.15,23.0,34.97
2024-07-04 23:00:00,38.76,22.4,0.0,23,3,0,0.15,23.0,34.15
2024-07-05 00:00:00,37.52,24.8,0.0,0,4,0,0.15,23.0,32.66
2024-07-05 01:00:00,36.43,28.6,0.0,1,4,0,0.15,23.0,31.38
2024-07-05 02:00:00,35.52,33.6,0.0,2,4,0,0.15,23.0,30.31
2024-07-05 03:00:00,34.91,36.1,0.0,3,4,0,0.15,23.0,29.59
2024-07-05 04:00:00,35.83,39.5,0.0,4,4,0,0.15,23.0,30.72
2024-07-05 05:00:00,35.41,40.4,0.0,5,4,0,0.15,23.0,30.22
2024-07-05 06:00:00,34.64,39.9,0.0,6,4,0,0.15,23.0,29.29
2024-07-05 07:00:00,36.02,36.2,0.0,7,4,0,0.15,23.0,30.92
2024-07-05 08:00:00,37.09,32.2,0.0,8,4,0,0.9,23.0,32.79
2024-07-05 09:00:00,38.49,27.7,256.34,9,4,0,0.9,23.0,35.22
2024-07-05 10:00:00,39.4,22.9,439.43,10,4,0,0.9,23.0,36.83
2024-07-05 11:00:00,40.35,18.8,549.29,11,4,0,0.9,23.0,38.28
2024-07-05 12:00:00,41.2,13.8,585.91,12,4,0,0.9,23.0,39.39
2024-07-05 13:00:00,41.89,11.1,549.29,13,4,0,0.9,23.0,40.09
2024-07-05 14:00:00,42.32,9.1,439.43,14,4,0,0.9,23.0,40.26
2024-07-05 15:00:00,42.68,8.1,256.34,15,4,0,0.9,23.0,40.15
2024-07-05 16:00:00,42.79,7.0,0.0,16,4,0,0.9,23.0,39.5
2024-07-05 17:00:00,42.7,6.4,0.0,17,4,0,0.9,23.0,39.4
2024-07-05 18:00:00,42.29,4.5,0.0,18,4,0,0.15,23.0,38.3
2024-07-05 19:00:00,41.96,4.6,0.0,19,4,0,0.15,23.0,37.89
2024-07-05 20:00:00,40.13,5.3,0.0,20,4,0,0.15,23.0,35.7
2024-07-05 21:00:00,39.07,6.4,0.0,21,4,0,0.15,23.0,34.44
2024-07-05 22:00:00,38.24,8.2,0.0,22,4,0,0.15,23.0,33.45
2024-07-05 23:00:00,37.57,8.2,0.0,23,4,0,0.15,23.0,32.65
2024-07-06 00:00:00,38.43,10.9,0.0,0,5,1,0.1,23.0,33.64
2024-07-06 01:00:00,37.91,15.1,0.0,1,5,1,0.1,23.0,33.05
2024-07-06 02:00:00,37.33,24.0,0.0,2,5,1,0.1,23.0,32.39
2024-07-06 03:00:00,36.24,28.6,0.0,3,5,1,0.1,23.0,31.12
2024-07-06 04:00:00,35.02,30.6,0.0,4,5,1,0.1,23.0,29.65
2024-07-06 05:00:00,34.41,30.3,0.0,5,5,1,0.1,23.0,28.92
2024-07-06 06:00:00,34.17,35.4,0.0,6,5,1,0.1,23.0,28.67
2024-07-06 07:00:00,35.18,32.3,0.0,7,5,1,0.1,23.0,29.85
2024-07-06 08:00:00,36.22,27.9,0.0,8,5,1,0.1,23.0,31.09
2024-07-06 09:00:00,37.99,24.9,256.01,9,5,1,0.1,23.0,33.97
2024-07-06 10:00:00,39.16,22.3,438.88,10,5,1,0.1,23.0,35.89
2024-07-06 11:00:00,40.18,19.8,548.6,11,5,1,0.1,23.0,37.44
2024-07-06 12:00:00,40.78,17.1,585.17,12,5,1,0.1,23.0,38.26
2024-07-06 13:00:00,41.24,15.1,548.6,13,5,1,0.1,23.0,38.69
2024-07-06 14:00:00,41.47,13.0,438.88,14,5,1,0.1,23.0,38.62
2024-07-06 15:00:00,41.78,11.4,256.01,15,5,1,0.1,23.0,38.44
2024-07-06 16:00:00,41.91,10.5,0.0,16,5,1,0.1,23.0,37.83
2024-07-06 17:00:00,41.99,9.4,0.0,17,5,1,0.1,23.0,37.92
2024-07-06 18:00:00,41.47,11.7,0.0,18,5,1,0.1,23.0,37.3
2024-07-06 19:00:00,41.16,11.4,0.0,19,5,1,0.1,23.0,36.93
2024-07-06 20:00:00,39.96,12.2,0.0,20,5,1,0.1,23.0,35.5
2024-07-06 21:00:00,39.2,12.9,0.0,21,5,1,0.1,23.0,34.58
2024-07-06 22:00:00,39.18,16.9,0.0,22,5,1,0.1,23.0,34.58
2024-07-06 23:00:00,38.47,20.4,0.0,23,5,1,0.1,23.0,33.75
2024-07-07 00:00:00,37.76,23.0,0.0,0,6,1,0.1,23.0,32.9
2024-07-07 01:00:00,36.51,26.5,0.0,1,6,1,0.1,23.0,31.43
2024-07-07 02:00:00,35.96,29.9,0.0,2,6,1,0.1,23.0,30.78
2024-07-07 03:00:00,35.41,32.9,0.0,3,6,1,0.1,23.0,30.14
2024-07-07 04:00:00,34.98,35.8,0.0,4,6,1,0.1,23.0,29.63
2024-07-07 05:00:00,35.32,38.6,0.0,5,6,1,0.1,23.0,30.06
2024-07-07 06:00:00,34.5,39.4,0.0,6,6,1,0.1,23.0,29.08
2024-07-07 07:00:00,35.87,36.9,0.0,7,6,1,0.1,23.0,30.7
2024-07-07 08:00:00,36.9,32.5,0.0,8,6,1,0.1,23.0,31.93
2024-07-07 09:00:00,37.74,28.9,255.67,9,6,1,0.1,23.0,33.68
2024-07-07 10:00:00,38.88,26.4,438.3,10,6,1,0.1,23.0,35.58
2024-07-07 11:00:00,40.24,23.8,547.88,11,6,1,0.1,23.0,37.53
2024-07-07 12:00:00,40.33,20.9,584.4,12,6,1,0.1,23.0,37.74
2024-07-07 13:00:00,41.2,18.6,547.88,13,6,1,0.1,23.0,38.66
2024-07-07 14:00:00,41.15,17.1,438.3,14,6,1,0.1,23.0,38.26
2024-07-07 15:00:00,41.62,15.1,255.67,15,6,1,0.1,23.0,38.27
2024-07-07 16:00:00,41.73,14.1,0.0,16,6,1,0.1,23.0,37.63
2024-07-07 17:00:00,41.75,12.8,0.0,17,6,1,0.1,23.0,37.64
2024-07-07 18:00:00,41.69,14.9,0.0,18,6,1,0.1,23.0,37.59
2024-07-07 19:00:00,41.12,15.4,0.0,19,6,1,0.1,23.0,36.9
2024-07-07 20:00:00,40.07,16.5,0.0,20,6,1,0.1,23.0,35.65
2024-07-07 21:00:00,39.36,17.9,0.0,21,6,1,0.1,23.0,34.8
2024-07-07 22:00:00,38.8,18.9,0.0,22,6,1,0.1,23.0,34.13
2024-07-07 23:00:00,38.43,20.2,0.0,23,6,1,0.1,23.0,33.69
2024-07-08 00:00:00,37.89,22.7,0.0,0,0,0,0.15,23.0,33.1
2024-07-08 01:00:00,37.08,26.1,0.0,1,0,0,0.15,23.0,32.14
2024-07-08 02:00:00,36.3,26.2,0.0,2,0,0,0.15,23.0,31.21
2024-07-08 03:00:00,34.65,31.1,0.0,3,0,0,0.15,23.0,29.25
2024-07-08 04:00:00,33.69,33.8,0.0,4,0,0,0.15,23.0,28.12
2024-07-08 05:00:00,33.91,35.0,0.0,5,0,0,0.15,23.0,28.38
2024-07-08 06:00:00,33.86,31.5,0.0,6,0,0,0.15,23.0,28.31
2024-07-08 07:00:00,35.14,28.2,0.0,7,0,0,0.15,23.0,29.83
2024-07-08 08:00:00,36.76,24.2,0.0,8,0,0,0.9,23.0,32.36
2024-07-08 09:00:00,38.26,21.5,255.32,9,0,0,0.9,23.0,34.9
2024-07-08 10:00:00,39.57,19.2,437.69,10,0,0,0.9,23.0,37.01
2024-07-08 11:00:00,40.57,17.3,547.12,11,0,0,0.9,23.0,38.53
2024-07-08 12:00:00,41.31,14.7,583.59,12,0,0,0.9,23.0,39.52
2024-07-08 13:00:00,41.97,11.3,547.12,13,0,0,0.9,23.0,40.18
2024-07-08 14:00:00,42.22,9.9,437.69,14,0,0,0.9,23.0,40.14
2024-07-08 15:00:00,42.5,9.2,255.32,15,0,0,0.9,23.0,39.94
2024-07-08 16:00:00,42.5,8.2,0.0,16,0,0,0.9,23.0,39.16
2024-07-08 17:00:00,42.42,7.5,0.0,17,0,0,0.9,23.0,39.06
2024-07-08 18:00:00,42.09,7.4,0.0,18,0,0,0.15,23.0,38.07
2024-07-08 19:00:00,41.73,8.8,0.0,19,0,0,0.15,23.0,37.64
2024-07-08 20:00:00,40.17,9.1,0.0,20,0,0,0.15,23.0,35.77
2024-07-08 21:00:00,39.41,9.8,0.0,21,0,0,0.15,23.0,34.87
2024-07-08 22:00:00,38.82,11.1,0.0,22,0,0,0.15,23.0,34.15
2024-07-08 23:00:00,38.66,15.0,0.0,23,0,0,0.15,23.0,33.99
2024-07-09 00:00:00,37.37,18.7,0.0,0,1,0,0.15,23.0,32.46
2024-07-09 01:00:00,37.46,21.5,0.0,1,1,0,0.15,23.0,32.58
2024-07-09 02:00:00,36.43,20.6,0.0,2,1,0,0.15,23.0,31.34
2024-07-09 03:00:00,35.48,22.3,0.0,3,1,0,0.15,23.0,30.21
2024-07-09 04:00:00,35.11,24.5,0.0,4,1,0,0.15,23.0,29.78
2024-07-09 05:00:00,35.6,29.3,0.0,5,1,0,0.15,23.0,30.39
2024-07-09 06:00:00,34.49,29.9,0.0,6,1,0,0.15,23.0,29.06
2024-07-09 07:00:00,35.85,27.1,0.0,7,1,0,0.15,23.0,30.67
2024-07-09 08:00:00,36.72,26.0,0.0,8,1,0,0.9,23.0,32.32
2024-07-09 09:00:00,38.08,23.7,254.95,9,1,0,0.9,23.0,34.69
2024-07-09 10:00:00,39.42,21.0,437.06,10,1,0,0.9,23.0,36.84
2024-07-09 11:00:00,40.66,18.7,546.33,11,1,0,0.9,23.0,38.65
2024-07-09 12:00:00,41.4,16.5,582.75,12,1,0,0.9,23.0,39.63
2024-07-09 13:00:00,42.07,14.5,546.33,13,1,0,0.9,23.0,40.32
2024-07-09 14:00:00,42.15,12.3,437.06,14,1,0,0.9,23.0,40.07
2024-07-09 15:00:00,42.1,10.7,254.95,15,1,0,0.9,23.0,39.45
2024-07-09 16:00:00,42.24,8.6,0.0,16,1,0,0.9,23.0,38.86
2024-07-09 17:00:00,42.19,9.4,0.0,17,1,0,0.9,23.0,38.79
2024-07-09 18:00:00,41.88,9.6,0.0,18,1,0,0.15,23.0,37.82
2024-07-09 19:00:00,41.54,10.0,0.0,19,1,0,0.15,23.0,37.41
2024-07-09 20:00:00,40.32,11.4,0.0,20,1,0,0.15,23.0,35.96
2024-07-09 21:00:00,39.43,11.8,0.0,21,1,0,0.15,23.0,34.89
2024-07-09 22:00:00,38.77,12.5,0.0,22,1,0,0.15,23.0,34.11
2024-07-09 23:00:00,38.61,18.2,0.0,23,1,0,0.15,23.0,33.94
2024-07-10 00:00:00,37.96,23.3,0.0,0,2,0,0.15,23.0,33.19
2024-07-10 01:00:00,37.32,25.1,0.0,1,2,0,0.15,23.0,32.43
2024-07-10 02:00:00,36.65,26.9,0.0,2,2,0,0.15,23.0,31.63
2024-07-10 03:00:00,36.46,28.4,0.0,3,2,0,0.15,23.0,31.41
2024-07-10 04:00:00,35.3,30.2,0.0,4,2,0,0.15,23.0,30.03
2024-07-10 05:00:00,36.3,33.4,0.0,5,2,0,0.15,23.0,31.25
2024-07-10 06:00:00,35.37,29.1,0.0,6,2,0,0.15,23.0,30.11
2024-07-10 07:00:00,36.68,28.2,0.0,7,2,0,0.15,23.0,31.68
2024-07-10 08:00:00,37.09,24.9,0.0,8,2,0,0.9,23.0,32.76
2024-07-10 09:00:00,38.58,24.0,254.57,9,2,0,0.9,23.0,35.3
2024-07-10 10:00:00,27.0,21.3,436.4,10,2,0,0.9,23.0,21.94
2024-07-10 11:00:00,27.0,17.7,545.5,11,2,0,0.9,23.0,22.25
2024-07-10 12:00:00,40.77,14.8,581.87,12,2,0,0.9,23.0,38.87
2024-07-10 13:00:00,41.34,13.7,545.5,13,2,0,0.9,23.0,39.44
2024-07-10 14:00:00,41.95,12.5,436.4,14,2,0,0.9,23.0,39.83
2024-07-10 15:00:00,42.0,9.9,254.57,15,2,0,0.9,23.0,39.33
2024-07-10 16:00:00,42.12,9.4,0.0,16,2,0,0.9,23.0,38.71
2024-07-10 17:00:00,41.95,9.3,0.0,17,2,0,0.9,23.0,38.51
2024-07-10 18:00:00,41.77,9.6,0.0,18,2,0,0.15,23.0,37.69
2024-07-10 19:00:00,41.02,9.0,0.0,19,2,0,0.15,23.0,36.79
2024-07-10 20:00:00,40.1,10.1,0.0,20,2,0,0.15,23.0,35.69
2024-07-10 21:00:00,39.34,10.2,0.0,21,2,0,0.15,23.0,34.77
2024-07-10 22:00:00,38.48,11.9,0.0,22,2,0,0.15,23.0,33.75
2024-07-10 23:00:00,38.18,20.9,0.0,23,2,0,0.15,23.0,33.44
2024-07-11 00:00:00,37.65,24.7,0.0,0,3,0,0.15,23.0,32.82
2024-07-11 01:00:00,37.39,26.5,0.0,1,3,0,0.15,23.0,32.52
2024-07-11 02:00:00,36.21,28.8,0.0,2,3,0,0.15,23.0,31.11
2024-07-11 03:00:00,35.83,32.9,0.0,3,3,0,0.15,23.0,30.68
2024-07-11 04:00:00,36.23,33.4,0.0,4,3,0,0.15,23.0,31.16
2024-07-11 05:00:00,35.46,37.1,0.0,5,3,0,0.15,23.0,30.26
2024-07-11 06:00:00,34.84,39.4,0.0,6,3,0,0.15,23.0,29.52
2024-07-11 07:00:00,36.29,33.5,0.0,7,3,0,0.15,23.0,31.23
2024-07-11 08:00:00,37.39,29.0,0.0,8,3,0,0.9,23.0,33.13
2024-07-11 09:00:00,38.92,25.9,254.17,9,3,0,0.9,23.0,35.72
2024-07-11 10:00:00,39.88,23.5,435.71,10,3,0,0.9,23.0,37.41
2024-07-11 11:00:00,40.9,20.7,544.64,11,3,0,0.9,23.0,38.94
2024-07-11 12:00:00,41.42,18.8,580.95,12,3,0,0.9,23.0,39.66
2024-07-11 13:00:00,41.83,16.7,544.64,13,3,0,0.9,23.0,40.03
2024-07-11 14:00:00,41.92,13.6,435.71,14,3,0,0.9,23.0,39.8
2024-07-11 15:00:00,41.93,14.2,254.17,15,3,0,0.9,23.0,39.27
2024-07-11 16:00:00,42.02,12.7,0.0,16,3,0,0.9,23.0,38.6
2024-07-11 17:00:00,42.13,12.1,0.0,17,3,0,0.9,23.0,38.74
2024-07-11 18:00:00,42.04,10.8,0.0,18,3,0,0.15,23.0,38.02
2024-07-11 19:00:00,41.13,10.6,0.0,19,3,0,0.15,23.0,36.93
2024-07-11 20:00:00,40.63,11.8,0.0,20,3,0,0.15,23.0,36.34
2024-07-11 21:00:00,39.75,18.0,0.0,21,3,0,0.15,23.0,35.3
2024-07-11 22:00:00,38.52,20.6,0.0,22,3,0,0.15,23.0,33.85
2024-07-11 23:00:00,37.16,20.5,0.0,23,3,0,0.15,23.0,32.21
2024-07-12 00:00:00,36.98,22.3,0.0,0,4,0,0.15,23.0,32.0
2024-07-12 01:00:00,36.06,23.9,0.0,1,4,0,0.15,23.0,30.91
2024-07-12 02:00:00,35.46,25.8,0.0,2,4,0,0.15,23.0,30.2
2024-07-12 03:00:00,34.09,28.8,0.0,3,4,0,0.15,23.0,28.57
2024-07-12 04:00:00,34.61,32.1,0.0,4,4,0,0.15,23.0,29.21
2024-07-12 05:00:00,33.78,30.7,0.0,5,4,0,0.15,23.0,28.21
2024-07-12 06:00:00,34.2,34.5,0.0,6,4,0,0.15,23.0,28.74
2024-07-12 07:00:00,35.94,32.1,0.0,7,4,0,0.15,23.0,30.81
2024-07-12 08:00:00,36.96,28.4,0.0,8,4,0,0.9,23.0,32.62
2024-07-12 09:00:00,37.81,23.7,253.75,9,4,0,0.9,23.0,34.38
2024-07-12 10:00:00,39.03,19.5,435.0,10,4,0,0.9,23.0,36.35
2024-07-12 11:00:00,40.1,16.9,543.75,11,4,0,0.9,23.0,37.96
2024-07-12 12:00:00,40.96,14.5,580.0,12,4,0,0.9,23.0,39.09
2024-07-12 13:00:00,41.37,13.0,543.75,13,4,0,0.9,23.0,39.45
2024-07-12 14:00:00,41.8,12.0,435.0,14,4,0,0.9,23.0,39.64
2024-07-12 15:00:00,42.1,11.3,253.75,15,4,0,0.9,23.0,39.45
2024-07-12 16:00:00,42.02,10.9,0.0,16,4,0,0.9,23.0,38.59
2024-07-12 17:00:00,42.01,10.3,0.0,17,4,0,0.9,23.0,38.58
2024-07-12 18:00:00,41.63,11.0,0.0,18,4,0,0.15,23.0,37.53
2024-07-12 19:00:00,41.31,11.0,0.0,19,4,0,0.15,23.0,37.15
2024-07-12 20:00:00,40.06,12.2,0.0,20,4,0,0.15,23.0,35.65
2024-07-12 21:00:00,39.74,13.8,0.0,21,4,0,0.15,23.0,35.27
2024-07-12 22:00:00,38.89,14.2,0.0,22,4,0,0.15,23.0,34.25
2024-07-12 23:00:00,39.22,14.6,0.0,23,4,0,0.15,23.0,34.66
2024-07-13 00:00:00,37.31,21.3,0.0,0,5,1,0.1,23.0,32.35
2024-07-13 01:00:00,37.09,23.5,0.0,1,5,1,0.1,23.0,32.1
2024-07-13 02:00:00,37.06,24.8,0.0,2,5,1,0.1,23.0,32.07
2024-07-13 03:00:00,35.24,26.9,0.0,3,5,1,0.1,23.0,29.9
2024-07-13 04:00:00,35.53,30.0,0.0,4,5,1,0.1,23.0,30.27
2024-07-13 05:00:00,35.05,33.2,0.0,5,5,1,0.1,23.0,29.71
2024-07-13 06:00:00,34.2,30.8,0.0,6,5,1,0.1,23.0,28.68
2024-07-13 07:00:00,36.8,26.7,0.0,7,5,1,0.1,23.0,31.77
2024-07-13 08:00:00,37.13,26.3,0.0,8,5,1,0.1,23.0,32.17
2024-07-13 09:00:00,38.51,23.7,253.32,9,5,1,0.1,23.0,34.57
2024-07-13 10:00:00,39.64,23.5,434.26,10,5,1,0.1,23.0,36.46
2024-07-13 11:00:00,40.49,21.9,542.82,11,5,1,0.1,23.0,37.81
2024-07-13 12:00:00,40.8,19.7,579.01,12,5,1,0.1,23.0,38.27
2024-07-13 13:00:00,40.94,18.4,542.82,13,5,1,0.1,23.0,38.33
2024-07-13 14:00:00,41.38,17.3,434.26,14,5,1,0.1,23.0,38.53
2024-07-13 15:00:00,41.44,17.0,253.32,15,5,1,0.1,23.0,38.05
2024-07-13 16:00:00,41.41,17.7,0.0,16,5,1,0.1,23.0,37.26
2024-07-13 17:00:00,41.39,18.8,0.0,17,5,1,0.1,23.0,37.24
2024-07-13 18:00:00,41.23,13.8,0.0,18,5,1,0.1,23.0,37.02
2024-07-13 19:00:00,40.87,13.3,0.0,19,5,1,0.1,23.0,36.59
2024-07-13 20:00:00,39.82,14.1,0.0,20,5,1,0.1,23.0,35.33
2024-07-13 21:00:00,39.75,15.4,0.0,21,5,1,0.1,23.0,35.26
2024-07-13 22:00:00,38.99,27.5,0.0,22,5,1,0.1,23.0,34.4
2024-07-13 23:00:00,37.99,28.9,0.0,23,5,1,0.1,23.0,33.22
2024-07-14 00:00:00,37.11,29.8,0.0,0,6,1,0.1,23.0,32.16
2024-07-14 01:00:00,36.8,32.8,0.0,1,6,1,0.1,23.0,31.81
2024-07-14 02:00:00,35.66,33.4,0.0,2,6,1,0.1,23.0,30.44
2024-07-14 03:00:00,34.84,36.4,0.0,3,6,1,0.1,23.0,29.48
2024-07-14 04:00:00,33.92,39.3,0.0,4,6,1,0.1,23.0,28.38
2024-07-14 05:00:00,33.72,41.8,0.0,5,6,1,0.1,23.0,28.16
2024-07-14 06:00:00,33.14,48.0,0.0,6,6,1,0.1,23.0,27.49
2024-07-14 07:00:00,33.63,51.7,0.0,7,6,1,0.1,23.0,28.09
2024-07-14 08:00:00,35.13,48.1,0.0,8,6,1,0.1,23.0,29.88
2024-07-14 09:00:00,36.68,42.3,252.87,9,6,1,0.1,23.0,32.46
2024-07-14 10:00:00,37.08,36.5,433.49,10,6,1,0.1,23.0,33.45
2024-07-14 11:00:00,38.47,31.6,541.87,11,6,1,0.1,23.0,35.43
2024-07-14 12:00:00,39.1,28.1,577.99,12,6,1,0.1,23.0,36.28
2024-07-14 13:00:00,39.63,25.6,541.87,13,6,1,0.1,23.0,36.79
2024-07-14 14:00:00,40.18,24.2,433.49,14,6,1,0.1,23.0,37.12
2024-07-14 15:00:00,40.47,26.3,252.87,15,6,1,0.1,23.0,36.94
2024-07-14 16:00:00,40.68,27.2,0.0,16,6,1,0.1,23.0,36.43
2024-07-14 17:00:00,40.77,27.8,0.0,17,6,1,0.1,23.0,36.54
2024-07-14 18:00:00,40.44,21.3,0.0,18,6,1,0.1,23.0,36.11
2024-07-14 19:00:00,39.75,20.5,0.0,19,6,1,0.1,23.0,35.29
2024-07-14 20:00:00,39.01,20.7,0.0,20,6,1,0.1,23.0,34.4
2024-07-14 21:00:00,35.96,22.4,0.0,21,6,1,0.1,23.0,30.75
2024-07-14 22:00:00,33.79,25.7,0.0,22,6,1,0.1,23.0,28.15
2024-07-14 23:00:00,33.84,31.6,0.0,23,6,1,0.1,23.0,28.25
2024-07-15 00:00:00,29.56,34.8,0.0,0,0,0,0.15,23.0,23.17
2024-07-15 01:00:00,30.32,37.1,0.0,1,0,0,0.15,23.0,24.09
2024-07-15 02:00:00,30.88,41.1,0.0,2,0,0,0.15,23.0,24.78
2024-07-15 03:00:00,31.34,46.6,0.0,3,0,0,0.15,23.0,25.36
2024-07-15 04:00:00,31.24,46.7,0.0,4,0,0,0.15,23.0,25.24
2024-07-15 05:00:00,31.4,49.1,0.0,5,0,0,0.15,23.0,25.44
2024-07-15 06:00:00,31.64,49.6,0.0,6,0,0,0.15,23.0,25.74
2024-07-15 07:00:00,33.29,48.9,0.0,7,0,0,0.15,23.0,27.71
2024-07-15 08:00:00,34.49,44.7,0.0,8,0,0,0.9,23.0,29.73
2024-07-15 09:00:00,35.07,39.5,252.4,9,0,0,0.9,23.0,31.15
2024-07-15 10:00:00,36.75,35.6,432.69,10,0,0,0.9,23.0,33.7
2024-07-15 11:00:00,37.7,32.0,540.86,11,0,0,0.9,23.0,35.14
2024-07-15 12:00:00,38.4,28.3,576.92,12,0,0,0.9,23.0,36.07
2024-07-15 13:00:00,39.33,25.3,540.86,13,0,0,0.9,23.0,37.06
2024-07-15 14:00:00,39.71,22.9,432.69,14,0,0,0.9,23.0,37.18
2024-07-15 15:00:00,40.14,21.0,252.4,15,0,0,0.9,23.0,37.16
2024-07-15 16:00:00,40.42,19.8,0.0,16,0,0,0.9,23.0,36.72
2024-07-15 17:00:00,40.47,19.3,0.0,17,0,0,0.9,23.0,36.78
2024-07-15 18:00:00,40.32,19.2,0.0,18,0,0,0.15,23.0,36.0
2024-07-15 19:00:00,39.8,19.3,0.0,19,0,0,0.15,23.0,35.38
2024-07-15 20:00:00,39.12,20.9,0.0,20,0,0,0.15,23.0,34.57
2024-07-15 21:00:00,39.2,21.2,0.0,21,0,0,0.15,23.0,34.66
2024-07-15 22:00:00,38.96,26.9,0.0,22,0,0,0.15,23.0,34.41
2024-07-15 23:00:00,37.71,26.9,0.0,23,0,0,0.15,23.0,32.9
2024-07-16 00:00:00,37.0,27.2,0.0,0,1,0,0.15,23.0,32.06
2024-07-16 01:00:00,36.54,29.1,0.0,1,1,0,0.15,23.0,31.51
2024-07-16 02:00:00,35.58,32.9,0.0,2,1,0,0.15,23.0,30.38
2024-07-16 03:00:00,34.44,34.5,0.0,3,1,0,0.15,23.0,29.02
2024-07-16 04:00:00,34.57,33.8,0.0,4,1,0,0.15,23.0,29.18
2024-07-16 05:00:00,33.62,35.7,0.0,5,1,0,0.15,23.0,28.04
2024-07-16 06:00:00,33.73,38.3,0.0,6,1,0,0.15,23.0,28.18
2024-07-16 07:00:00,34.62,36.1,0.0,7,1,0,0.15,23.0,29.25
2024-07-16 08:00:00,36.24,34.2,0.0,8,1,0,0.9,23.0,31.78
2024-07-16 09:00:00,37.44,30.8,251.89,9,1,0,0.9,23.0,33.95
2024-07-16 10:00:00,38.07,27.6,431.82,10,1,0,0.9,23.0,35.24
2024-07-16 11:00:00,38.74,25.1,539.77,11,1,0,0.9,23.0,36.36
2024-07-16 12:00:00,39.53,22.8,575.76,12,1,0,0.9,23.0,37.4
2024-07-16 13:00:00,39.86,20.8,539.77,13,1,0,0.9,23.0,37.68
2024-07-16 14:00:00,40.46,19.1,431.82,14,1,0,0.9,23.0,38.07
2024-07-16 15:00:00,40.73,19.8,251.89,15,1,0,0.9,23.0,37.85
2024-07-16 16:00:00,40.85,17.4,0.0,16,1,0,0.9,23.0,37.23
2024-07-16 17:00:00,41.0,17.9,0.0,17,1,0,0.9,23.0,37.41
2024-07-16 18:00:00,40.75,19.2,0.0,18,1,0,0.15,23.0,36.52
2024-07-16 19:00:00,40.27,18.4,0.0,19,1,0,0.15,23.0,35.94
2024-07-16 20:00:00,39.94,19.3,0.0,20,1,0,0.15,23.0,35.54
2024-07-16 21:00:00,39.0,19.9,0.0,21,1,0,0.15,23.0,34.42
2024-07-16 22:00:00,38.6,20.9,0.0,22,1,0,0.15,23.0,33.95
2024-07-16 23:00:00,37.51,24.9,0.0,23,1,0,0.15,23.0,32.65
2024-07-17 00:00:00,36.59,29.6,0.0,0,2,0,0.15,23.0,31.58
2024-07-17 01:00:00,36.34,31.3,0.0,1,2,0,0.15,23.0,31.28
2024-07-17 02:00:00,35.25,31.5,0.0,2,2,0,0.15,23.0,29.98
2024-07-17 03:00:00,34.77,34.9,0.0,3,2,0,0.15,23.0,29.42
2024-07-17 04:00:00,35.15,35.6,0.0,4,2,0,0.15,23.0,29.88
2024-07-17 05:00:00,35.52,35.1,0.0,5,2,0,0.15,23.0,30.32
2024-07-17 06:00:00,32.48,36.2,0.0,6,2,0,0.15,23.0,26.68
2024-07-17 07:00:00,35.12,33.1,0.0,7,2,0,0.15,23.0,29.82
2024-07-17 08:00:00,35.9,28.4,0.0,8,2,0,0.9,23.0,31.34
2024-07-17 09:00:00,36.37,26.4,251.36,9,2,0,0.9,23.0,32.65
2024-07-17 10:00:00,37.84,24.6,430.9,10,2,0,0.9,23.0,34.94
2024-07-17 11:00:00,39.11,22.6,538.62,11,2,0,0.9,23.0,36.78
2024-07-17 12:00:00,39.61,20.5,574.53,12,2,0,0.9,23.0,37.48
2024-07-17 13:00:00,40.1,18.9,538.62,13,2,0,0.9,23.0,37.94
2024-07-17 14:00:00,40.67,17.7,430.9,14,2,0,0.9,23.0,38.31
2024-07-17 15:00:00,40.95,16.3,251.36,15,2,0,0.9,23.0,38.09
2024-07-17 16:00:00,41.22,15.7,0.0,16,2,0,0.9,23.0,37.66
2024-07-17 17:00:00,41.14,15.5,0.0,17,2,0,0.9,23.0,37.57
2024-07-17 18:00:00,40.75,17.6,0.0,18,2,0,0.15,23.0,36.51
2024-07-17 19:00:00,40.04,17.5,0.0,19,2,0,0.15,23.0,35.66
2024-07-17 20:00:00,39.69,18.8,0.0,20,2,0,0.15,23.0,35.25
2024-07-17 21:00:00,38.13,19.8,0.0,21,2,0,0.15,23.0,33.38
2024-07-17 22:00:00,38.09,20.5,0.0,22,2,0,0.15,23.0,33.33
2024-07-17 23:00:00,37.15,21.6,0.0,23,2,0,0.15,23.0,32.21
2024-07-18 00:00:00,37.06,22.7,0.0,0,3,0,0.15,23.0,32.11
2024-07-18 01:00:00,36.3,24.5,0.0,1,3,0,0.15,23.0,31.21
2024-07-18 02:00:00,35.79,26.4,0.0,2,3,0,0.15,23.0,30.6
2024-07-18 03:00:00,35.42,28.0,0.0,3,3,0,0.15,23.0,30.17
2024-07-18 04:00:00,35.21,30.3,0.0,4,3,0,0.15,23.0,29.92
2024-07-18 05:00:00,35.27,28.4,0.0,5,3,0,0.15,23.0,29.99
2024-07-18 06:00:00,34.49,32.6,0.0,6,3,0,0.15,23.0,29.07
2024-07-18 07:00:00,36.29,33.8,0.0,7,3,0,0.15,23.0,31.23
2024-07-18 08:00:00,36.74,36.3,0.0,8,3,0,0.9,23.0,32.38
2024-07-18 09:00:00,37.7,33.4,250.8,9,3,0,0.9,23.0,34.27
2024-07-18 10:00:00,38.96,26.3,429.94,10,3,0,0.9,23.0,36.29
2024-07-18 11:00:00,39.79,22.6,537.43,11,3,0,0.9,23.0,37.6
2024-07-18 12:00:00,40.52,20.8,573.26,12,3,0,0.9,23.0,38.56
2024-07-18 13:00:00,40.87,19.0,537.43,13,3,0,0.9,23.0,38.87
2024-07-18 14:00:00,41.24,17.7,429.94,14,3,0,0.9,23.0,38.98
2024-07-18 15:00:00,41.3,17.6,250.8,15,3,0,0.9,23.0,38.52
2024-07-18 16:00:00,41.28,20.4,0.0,16,3,0,0.9,23.0,37.75
2024-07-18 17:00:00,41.08,17.9,0.0,17,3,0,0.9,23.0,37.51
2024-07-18 18:00:00,40.67,17.5,0.0,18,3,0,0.15,23.0,36.41
2024-07-18 19:00:00,40.42,17.7,0.0,19,3,0,0.15,23.0,36.11
2024-07-18 20:00:00,40.12,18.5,0.0,20,3,0,0.15,23.0,35.76
2024-07-18 21:00:00,39.58,19.3,0.0,21,3,0,0.15,23.0,35.11
2024-07-18 22:00:00,39.42,21.6,0.0,22,3,0,0.15,23.0,34.93
2024-07-18 23:00:00,39.24,21.6,0.0,23,3,0,0.15,23.0,34.71
2024-07-19 00:00:00,37.42,22.9,0.0,0,4,0,0.15,23.0,32.54
2024-07-19 01:00:00,36.67,22.9,0.0,1,4,0,0.15,23.0,31.64
2024-07-19 02:00:00,35.65,23.3,0.0,2,4,0,0.15,23.0,30.41
2024-07-19 03:00:00,35.42,26.7,0.0,3,4,0,0.15,23.0,30.16
2024-07-19 04:00:00,35.65,27.7,0.0,4,4,0,0.15,23.0,30.43
2024-07-19 05:00:00,35.02,28.7,0.0,5,4,0,0.15,23.0,29.68
2024-07-19 06:00:00,34.47,38.2,0.0,6,4,0,0.15,23.0,29.07
2024-07-19 07:00:00,35.69,35.0,0.0,7,4,0,0.15,23.0,30.53
2024-07-19 08:00:00,37.07,32.5,0.0,8,4,0,0.9,23.0,32.76
2024-07-19 09:00:00,38.26,26.3,250.23,9,4,0,0.9,23.0,34.92
2024-07-19 10:00:00,39.48,24.7,428.97,10,4,0,0.9,23.0,36.91
2024-07-19 11:00:00,40.38,22.9,536.21,11,4,0,0.9,23.0,38.3
2024-07-19 12:00:00,40.63,20.9,571.96,12,4,0,0.9,23.0,38.7
2024-07-19 13:00:00,41.12,18.6,536.21,13,4,0,0.9,23.0,39.17
2024-07-19 14:00:00,41.38,16.2,428.97,14,4,0,0.9,23.0,39.14
2024-07-19 15:00:00,41.3,15.5,250.23,15,4,0,0.9,23.0,38.51
2024-07-19 16:00:00,41.52,14.9,0.0,16,4,0,0.9,23.0,38.01
2024-07-19 17:00:00,41.62,14.6,0.0,17,4,0,0.9,23.0,38.14
2024-07-19 18:00:00,41.35,16.1,0.0,18,4,0,0.15,23.0,37.23
2024-07-19 19:00:00,41.13,15.7,0.0,19,4,0,0.15,23.0,36.96
2024-07-19 20:00:00,40.88,16.7,0.0,20,4,0,0.15,23.0,36.66
2024-07-19 21:00:00,40.05,17.7,0.0,21,4,0,0.15,23.0,35.66
2024-07-19 22:00:00,38.21,19.0,0.0,22,4,0,0.15,23.0,33.46
2024-07-19 23:00:00,38.1,20.4,0.0,23,4,0,0.15,23.0,33.35
2024-07-20 00:00:00,38.95,22.9,0.0,0,5,1,0.1,23.0,34.34
2024-07-20 01:00:00,38.43,23.4,0.0,1,5,1,0.1,23.0,33.72
2024-07-20 02:00:00,37.27,24.7,0.0,2,5,1,0.1,23.0,32.33
2024-07-20 03:00:00,36.11,26.9,0.0,3,5,1,0.1,23.0,30.95
2024-07-20 04:00:00,36.32,28.9,0.0,4,5,1,0.1,23.0,31.2
2024-07-20 05:00:00,36.16,30.5,0.0,5,5,1,0.1,23.0,31.02
2024-07-20 06:00:00,36.0,39.8,0.0,6,5,1,0.1,23.0,30.87
2024-07-20 07:00:00,36.76,38.2,0.0,7,5,1,0.1,23.0,31.78
2024-07-20 08:00:00,38.01,34.3,0.0,8,5,1,0.1,23.0,33.27
2024-07-20 09:00:00,38.41,33.0,249.65,9,5,1,0.1,23.0,34.49
2024-07-20 10:00:00,39.77,30.8,427.97,10,5,1,0.1,23.0,36.64
2024-07-20 11:00:00,41.08,27.6,534.96,11,5,1,0.1,23.0,38.52
2024-07-20 12:00:00,41.1,23.5,570.62,12,5,1,0.1,23.0,38.62
2024-07-20 13:00:00,41.28,22.9,534.96,13,5,1,0.1,23.0,38.74
2024-07-20 14:00:00,41.53,30.1,427.97,14,5,1,0.1,23.0,38.75
2024-07-20 15:00:00,41.75,23.3,249.65,15,5,1,0.1,23.0,38.45
2024-07-20 16:00:00,41.67,19.6,0.0,16,5,1,0.1,23.0,37.58
2024-07-20 17:00:00,41.71,18.8,0.0,17,5,1,0.1,23.0,37.63
2024-07-20 18:00:00,41.22,15.4,0.0,18,5,1,0.1,23.0,37.02
2024-07-20 19:00:00,41.28,15.3,0.0,19,5,1,0.1,23.0,37.1
2024-07-20 20:00:00,40.24,16.2,0.0,20,5,1,0.1,23.0,35.85
2024-07-20 21:00:00,40.52,16.9,0.0,21,5,1,0.1,23.0,36.18
2024-07-20 22:00:00,36.85,20.5,0.0,22,5,1,0.1,23.0,31.8
2024-07-20 23:00:00,35.2,22.8,0.0,23,5,1,0.1,23.0,29.84
2024-07-21 00:00:00,34.93,28.2,0.0,0,6,1,0.1,23.0,29.54
2024-07-21 01:00:00,34.2,32.8,0.0,1,6,1,0.1,23.0,28.68
2024-07-21 02:00:00,33.6,32.9,0.0,2,6,1,0.1,23.0,27.97
2024-07-21 03:00:00,33.65,34.2,0.0,3,6,1,0.1,23.0,28.03
2024-07-21 04:00:00,33.68,36.8,0.0,4,6,1,0.1,23.0,28.08
2024-07-21 05:00:00,34.15,37.5,0.0,5,6,1,0.1,23.0,28.65
2024-07-21 06:00:00,33.35,45.1,0.0,6,6,1,0.1,23.0,27.72
2024-07-21 07:00:00,34.8,47.6,0.0,7,6,1,0.1,23.0,29.48
2024-07-21 08:00:00,35.8,44.0,0.0,8,6,1,0.1,23.0,30.66
2024-07-21 09:00:00,37.56,39.4,249.05,9,6,1,0.1,23.0,33.49
2024-07-21 10:00:00,38.74,33.7,426.94,10,6,1,0.1,23.0,35.42
2024-07-21 11:00:00,39.48,28.4,533.67,11,6,1,0.1,23.0,36.59
2024-07-21 12:00:00,40.37,28.5,569.25,12,6,1,0.1,23.0,37.77
2024-07-21 13:00:00,40.97,28.3,533.67,13,6,1,0.1,23.0,38.39
2024-07-21 14:00:00,41.21,43.0,426.94,14,6,1,0.1,23.0,38.43
2024-07-21 15:00:00,41.52,32.9,249.05,15,6,1,0.1,23.0,38.21
2024-07-21 16:00:00,41.57,32.0,0.0,16,6,1,0.1,23.0,37.52
2024-07-21 17:00:00,37.76,30.1,0.0,17,6,1,0.1,23.0,32.94
2024-07-21 18:00:00,34.43,26.4,0.0,18,6,1,0.1,23.0,28.93
2024-07-21 19:00:00,32.51,29.4,0.0,19,6,1,0.1,23.0,26.64
2024-07-21 20:00:00,32.96,36.8,0.0,20,6,1,0.1,23.0,27.22
2024-07-21 21:00:00,33.16,38.2,0.0,21,6,1,0.1,23.0,27.46
2024-07-21 22:00:00,33.13,36.4,0.0,22,6,1,0.1,23.0,27.41
2024-07-21 23:00:00,33.16,36.7,0.0,23,6,1,0.1,23.0,27.45
2024-07-22 00:00:00,32.86,38.5,0.0,0,0,0,0.15,23.0,27.14
2024-07-22 01:00:00,31.48,47.0,0.0,1,0,0,0.15,23.0,25.53
2024-07-22 02:00:00,31.95,53.0,0.0,2,0,0,0.15,23.0,26.13
2024-07-22 03:00:00,30.85,58.3,0.0,3,0,0,0.15,23.0,24.83
2024-07-22 04:00:00,31.84,57.7,0.0,4,0,0,0.15,23.0,26.02
2024-07-22 05:00:00,31.78,59.7,0.0,5,0,0,0.15,23.0,25.96
2024-07-22 06:00:00,31.53,59.4,0.0,6,0,0,0.15,23.0,25.65
2024-07-22 07:00:00,33.44,51.0,0.0,7,0,0,0.15,23.0,27.91
2024-07-22 08:00:00,35.04,45.0,0.0,8,0,0,0.9,23.0,30.39
2024-07-22 09:00:00,36.8,39.5,248.43,9,0,0,0.9,23.0,33.23
2024-07-22 10:00:00,37.73,33.0,425.88,10,0,0,0.9,23.0,34.84
2024-07-22 11:00:00,38.82,28.4,532.35,11,0,0,0.9,23.0,36.44
2024-07-22 12:00:00,40.2,25.1,567.84,12,0,0,0.9,23.0,38.19
2024-07-22 13:00:00,40.31,22.6,532.35,13,0,0,0.9,23.0,38.2
2024-07-22 14:00:00,40.49,20.0,425.88,14,0,0,0.9,23.0,38.09
2024-07-22 15:00:00,41.16,17.7,248.43,15,0,0,0.9,23.0,38.35
2024-07-22 16:00:00,41.01,16.2,0.0,16,0,0,0.9,23.0,37.41
2024-07-22 17:00:00,40.85,15.6,0.0,17,0,0,0.9,23.0,37.22
2024-07-22 18:00:00,40.65,18.0,0.0,18,0,0,0.15,23.0,36.39
2024-07-22 19:00:00,40.69,16.3,0.0,19,0,0,0.15,23.0,36.43
2024-07-22 20:00:00,38.84,17.8,0.0,20,0,0,0.15,23.0,34.22
2024-07-22 21:00:00,39.59,18.5,0.0,21,0,0,0.15,23.0,35.11
2024-07-22 22:00:00,38.55,23.1,0.0,22,0,0,0.15,23.0,33.9
2024-07-22 23:00:00,38.02,21.3,0.0,23,0,0,0.15,23.0,33.25
2024-07-23 00:00:00,37.89,27.4,0.0,0,1,0,0.15,23.0,33.13
2024-07-23 01:00:00,36.22,27.5,0.0,1,1,0,0.15,23.0,31.12
2024-07-23 02:00:00,36.13,28.7,0.0,2,1,0,0.15,23.0,31.02
2024-07-23 03:00:00,36.11,32.1,0.0,3,1,0,0.15,23.0,31.02
2024-07-23 04:00:00,36.51,33.0,0.0,4,1,0,0.15,23.0,31.5
2024-07-23 05:00:00,36.95,32.5,0.0,5,1,0,0.15,23.0,32.02
2024-07-23 06:00:00,35.42,33.4,0.0,6,1,0,0.15,23.0,30.2
2024-07-23 07:00:00,35.88,33.8,0.0,7,1,0,0.15,23.0,30.75
2024-07-23 08:00:00,37.23,31.5,0.0,8,1,0,0.9,23.0,32.95
2024-07-23 09:00:00,38.44,27.9,247.8,9,1,0,0.9,23.0,35.13
2024-07-23 10:00:00,39.29,24.9,424.79,10,1,0,0.9,23.0,36.67
2024-07-23 11:00:00,40.08,22.9,530.99,11,1,0,0.9,23.0,37.92
2024-07-23 12:00:00,40.79,20.8,566.39,12,1,0,0.9,23.0,38.87
2024-07-23 13:00:00,40.84,18.9,530.99,13,1,0,0.9,23.0,38.82
2024-07-23 14:00:00,41.45,17.5,424.79,14,1,0,0.9,23.0,39.22
2024-07-23 15:00:00,41.51,16.1,247.8,15,1,0,0.9,23.0,38.75
2024-07-23 16:00:00,41.73,13.9,0.0,16,1,0,0.9,23.0,38.26
2024-07-23 17:00:00,41.71,12.1,0.0,17,1,0,0.9,23.0,38.23
2024-07-23 18:00:00,41.45,14.0,0.0,18,1,0,0.15,23.0,37.33
2024-07-23 19:00:00,41.19,14.3,0.0,19,1,0,0.15,23.0,37.02
2024-07-23 20:00:00,41.15,15.6,0.0,20,1,0,0.15,23.0,36.98
2024-07-23 21:00:00,40.79,17.8,0.0,21,1,0,0.15,23.0,36.55
2024-07-23 22:00:00,39.56,18.6,0.0,22,1,0,0.15,23.0,35.09
2024-07-23 23:00:00,38.59,19.4,0.0,23,1,0,0.15,23.0,33.92
2024-07-24 00:00:00,38.2,20.6,0.0,0,2,0,0.15,23.0,33.46
2024-07-24 01:00:00,37.32,26.5,0.0,1,2,0,0.15,23.0,32.43
2024-07-24 02:00:00,36.29,29.1,0.0,2,2,0,0.15,23.0,31.21
2024-07-24 03:00:00,36.47,30.8,0.0,3,2,0,0.15,23.0,31.44
2024-07-24 04:00:00,37.1,32.2,0.0,4,2,0,0.15,23.0,32.2
2024-07-24 05:00:00,35.61,35.8,0.0,5,2,0,0.15,23.0,30.43
2024-07-24 06:00:00,35.5,39.0,0.0,6,2,0,0.15,23.0,30.31
2024-07-24 07:00:00,36.17,36.2,0.0,7,2,0,0.15,23.0,31.11
2024-07-24 08:00:00,37.02,33.0,0.0,8,2,0,0.9,23.0,32.71
2024-07-24 09:00:00,38.41,30.8,247.15,9,2,0,0.9,23.0,35.1
2024-07-24 10:00:00,39.07,28.5,423.68,10,2,0,0.9,23.0,36.42
2024-07-24 11:00:00,40.37,27.0,529.6,11,2,0,0.9,23.0,38.29
2024-07-24 12:00:00,40.8,23.2,564.91,12,2,0,0.9,23.0,38.89
2024-07-24 13:00:00,41.32,23.4,529.6,13,2,0,0.9,23.0,39.41
2024-07-24 14:00:00,41.74,31.0,423.68,14,2,0,0.9,23.0,39.63
2024-07-24 15:00:00,41.93,29.1,247.15,15,2,0,0.9,23.0,39.33
2024-07-24 16:00:00,41.83,24.1,0.0,16,2,0,0.9,23.0,38.43
2024-07-24 17:00:00,42.02,22.7,0.0,17,2,0,0.9,23.0,38.66
2024-07-24 18:00:00,41.6,14.5,0.0,18,2,0,0.15,23.0,37.52
2024-07-24 19:00:00,41.7,14.3,0.0,19,2,0,0.15,23.0,37.63
2024-07-24 20:00:00,40.97,20.8,0.0,20,2,0,0.15,23.0,36.78
2024-07-24 21:00:00,39.34,23.6,0.0,21,2,0,0.15,23.0,34.85
2024-07-24 22:00:00,33.51,24.5,0.0,22,2,0,0.15,23.0,27.85
2024-07-24 23:00:00,33.22,30.1,0.0,23,2,0,0.15,23.0,27.54
2024-07-25 00:00:00,33.96,33.4,0.0,0,3,0,0.15,23.0,28.44
2024-07-25 01:00:00,34.87,35.0,0.0,1,3,0,0.15,23.0,29.54
2024-07-25 02:00:00,35.6,38.3,0.0,2,3,0,0.15,23.0,30.43
2024-07-25 03:00:00,35.07,39.3,0.0,3,3,0,0.15,23.0,29.8
2024-07-25 04:00:00,35.17,37.8,0.0,4,3,0,0.15,23.0,29.91
2024-07-25 05:00:00,35.71,39.0,0.0,5,3,0,0.15,23.0,30.57
2024-07-25 06:00:00,35.06,40.3,0.0,6,3,0,0.15,23.0,29.8
2024-07-25 07:00:00,36.41,39.7,0.0,7,3,0,0.15,23.0,31.41
2024-07-25 08:00:00,36.56,36.7,0.0,8,3,0,0.9,23.0,32.18
2024-07-25 09:00:00,38.03,32.8,246.49,9,3,0,0.9,23.0,34.66
2024-07-25 10:00:00,39.14,28.8,422.55,10,3,0,0.9,23.0,36.5
2024-07-25 11:00:00,40.04,26.2,528.19,11,3,0,0.9,23.0,37.88
2024-07-25 12:00:00,41.07,23.4,563.4,12,3,0,0.9,23.0,39.21
2024-07-25 13:00:00,40.88,20.4,528.19,13,3,0,0.9,23.0,38.87
2024-07-25 14:00:00,41.06,36.0,422.55,14,3,0,0.9,23.0,38.84
2024-07-25 15:00:00,41.76,43.3,246.49,15,3,0,0.9,23.0,39.19
2024-07-25 16:00:00,41.85,30.9,0.0,16,3,0,0.9,23.0,38.5
2024-07-25 17:00:00,41.97,27.0,0.0,17,3,0,0.9,23.0,38.62
2024-07-25 18:00:00,39.63,28.8,0.0,18,3,0,0.15,23.0,35.22
2024-07-25 19:00:00,39.85,21.9,0.0,19,3,0,0.15,23.0,35.45
2024-07-25 20:00:00,36.28,32.9,0.0,20,3,0,0.15,23.0,31.22
2024-07-25 21:00:00,35.95,31.2,0.0,21,3,0,0.15,23.0,30.81
2024-07-25 22:00:00,33.07,32.3,0.0,22,3,0,0.15,23.0,27.37
2024-07-25 23:00:00,28.36,34.0,0.0,23,3,0,0.15,23.0,21.73
2024-07-26 00:00:00,26.97,35.8,0.0,0,4,0,0.15,23.0,20.07
2024-07-26 01:00:00,29.55,39.6,0.0,1,4,0,0.15,23.0,23.18
2024-07-26 02:00:00,28.74,38.7,0.0,2,4,0,0.15,23.0,22.2
2024-07-26 03:00:00,30.24,42.8,0.0,3,4,0,0.15,23.0,24.03
2024-07-26 04:00:00,30.84,43.5,0.0,4,4,0,0.15,23.0,24.74
2024-07-26 05:00:00,29.67,45.8,0.0,5,4,0,0.15,23.0,23.35
2024-07-26 06:00:00,29.92,71.0,0.0,6,4,0,0.15,23.0,23.78
2024-07-26 07:00:00,32.04,56.8,0.0,7,4,0,0.15,23.0,26.25
2024-07-26 08:00:00,33.88,51.7,0.0,8,4,0,0.9,23.0,29.04
2024-07-26 09:00:00,35.31,44.8,245.81,9,4,0,0.9,23.0,31.46
2024-07-26 10:00:00,36.85,37.7,421.39,10,4,0,0.9,23.0,33.79
2024-07-26 11:00:00,38.28,32.4,526.73,11,4,0,0.9,23.0,35.8
2024-07-26 12:00:00,39.37,27.5,561.85,12,4,0,0.9,23.0,37.19
2024-07-26 13:00:00,40.25,24.1,526.73,13,4,0,0.9,23.0,38.12
2024-07-26 14:00:00,40.47,22.1,421.39,14,4,0,0.9,23.0,38.06
2024-07-26 15:00:00,40.88,20.9,245.81,15,4,0,0.9,23.0,38.02
2024-07-26 16:00:00,41.09,20.5,0.0,16,4,0,0.9,23.0,37.53
2024-07-26 17:00:00,40.91,20.1,0.0,17,4,0,0.9,23.0,37.31
2024-07-26 18:00:00,40.62,20.1,0.0,18,4,0,0.15,23.0,36.36
2024-07-26 19:00:00,40.06,19.9,0.0,19,4,0,0.15,23.0,35.69
2024-07-26 20:00:00,39.22,21.7,0.0,20,4,0,0.15,23.0,34.69
2024-07-26 21:00:00,37.93,24.9,0.0,21,4,0,0.15,23.0,33.16
2024-07-26 22:00:00,38.15,26.1,0.0,22,4,0,0.15,23.0,33.43
2024-07-26 23:00:00,37.41,31.7,0.0,23,4,0,0.15,23.0,32.57
2024-07-27 00:00:00,37.36,28.3,0.0,0,5,1,0.1,23.0,32.45
2024-07-27 01:00:00,37.85,33.7,0.0,1,5,1,0.1,23.0,33.07
2024-07-27 02:00:00,36.62,36.0,0.0,2,5,1,0.1,23.0,31.61
2024-07-27 03:00:00,35.59,41.1,0.0,3,5,1,0.1,23.0,30.39
2024-07-27 04:00:00,34.71,43.5,0.0,4,5,1,0.1,23.0,29.35
2024-07-27 05:00:00,34.71,38.4,0.0,5,5,1,0.1,23.0,29.32
2024-07-27 06:00:00,32.91,53.2,0.0,6,5,1,0.1,23.0,27.24
2024-07-27 07:00:00,34.07,58.1,0.0,7,5,1,0.1,23.0,28.66
2024-07-27 08:00:00,35.09,54.3,0.0,8,5,1,0.1,23.0,29.87
2024-07-27 09:00:00,36.09,47.5,245.11,9,5,1,0.1,23.0,31.77
2024-07-27 10:00:00,37.41,39.3,420.19,10,5,1,0.1,23.0,33.83
2024-07-27 11:00:00,38.56,31.8,525.24,11,5,1,0.1,23.0,35.49
2024-07-27 12:00:00,39.81,27.4,560.26,12,5,1,0.1,23.0,37.07
2024-07-27 13:00:00,40.26,24.7,525.24,13,5,1,0.1,23.0,37.49
2024-07-27 14:00:00,41.03,21.2,420.19,14,5,1,0.1,23.0,38.08
2024-07-27 15:00:00,41.26,18.2,245.11,15,5,1,0.1,23.0,37.82
2024-07-27 16:00:00,41.31,18.7,0.0,16,5,1,0.1,23.0,37.15
2024-07-27 17:00:00,40.69,19.3,0.0,17,5,1,0.1,23.0,36.4
2024-07-27 18:00:00,40.48,16.2,0.0,18,5,1,0.1,23.0,36.13
2024-07-27 19:00:00,39.97,16.1,0.0,19,5,1,0.1,23.0,35.53
2024-07-27 20:00:00,38.93,17.7,0.0,20,5,1,0.1,23.0,34.28
2024-07-27 21:00:00,37.81,19.5,0.0,21,5,1,0.1,23.0,32.94
2024-07-27 22:00:00,37.67,21.4,0.0,22,5,1,0.1,23.0,32.8
2024-07-27 23:00:00,37.6,25.4,0.0,23,5,1,0.1,23.0,32.72
2024-07-28 00:00:00,36.57,28.0,0.0,0,6,1,0.1,23.0,31.51
2024-07-28 01:00:00,34.79,32.2,0.0,1,6,1,0.1,23.0,29.39
2024-07-28 02:00:00,34.17,34.2,0.0,2,6,1,0.1,23.0,28.65
2024-07-28 03:00:00,33.53,34.3,0.0,3,6,1,0.1,23.0,27.89
2024-07-28 04:00:00,33.92,40.0,0.0,4,6,1,0.1,23.0,28.39
2024-07-28 05:00:00,33.13,42.3,0.0,5,6,1,0.1,23.0,27.44
2024-07-28 06:00:00,33.69,48.0,0.0,6,6,1,0.1,23.0,28.15
2024-07-28 07:00:00,34.31,42.0,0.0,7,6,1,0.1,23.0,28.86
2024-07-28 08:00:00,35.64,39.6,0.0,8,6,1,0.1,23.0,30.44
2024-07-28 09:00:00,37.69,35.0,244.41,9,6,1,0.1,23.0,33.62
2024-07-28 10:00:00,38.75,27.8,418.98,10,6,1,0.1,23.0,35.38
2024-07-28 11:00:00,39.67,21.4,523.73,11,6,1,0.1,23.0,36.76
2024-07-28 12:00:00,40.17,18.1,558.64,12,6,1,0.1,23.0,37.45
2024-07-28 13:00:00,40.57,16.2,523.73,13,6,1,0.1,23.0,37.82
2024-07-28 14:00:00,41.01,15.9,418.98,14,6,1,0.1,23.0,38.03
2024-07-28 15:00:00,41.1,17.4,244.41,15,6,1,0.1,23.0,37.62
2024-07-28 16:00:00,41.1,18.2,0.0,16,6,1,0.1,23.0,36.89
2024-07-28 17:00:00,40.81,19.0,0.0,17,6,1,0.1,23.0,36.55
2024-07-28 18:00:00,39.57,16.2,0.0,18,6,1,0.1,23.0,35.04
2024-07-28 19:00:00,39.61,17.2,0.0,19,6,1,0.1,23.0,35.09
2024-07-28 20:00:00,37.79,28.8,0.0,20,6,1,0.1,23.0,32.98
2024-07-28 21:00:00,36.29,33.0,0.0,21,6,1,0.1,23.0,31.2
2024-07-28 22:00:00,36.15,33.4,0.0,22,6,1,0.1,23.0,31.03
2024-07-28 23:00:00,34.45,35.3,0.0,23,6,1,0.1,23.0,29.0
2024-07-29 00:00:00,33.63,38.8,0.0,0,0,0,0.15,23.0,28.07
2024-07-29 01:00:00,33.01,44.6,0.0,1,0,0,0.15,23.0,27.36
2024-07-29 02:00:00,33.5,49.2,0.0,2,0,0,0.15,23.0,27.96
2024-07-29 03:00:00,33.46,51.8,0.0,3,0,0,0.15,23.0,27.94
2024-07-29 04:00:00,32.68,53.9,0.0,4,0,0,0.15,23.0,27.0
2024-07-29 05:00:00,32.48,56.0,0.0,5,0,0,0.15,23.0,26.78
2024-07-29 06:00:00,32.99,60.2,0.0,6,0,0,0.15,23.0,27.41
2024-07-29 07:00:00,33.58,57.7,0.0,7,0,0,0.15,23.0,28.1
2024-07-29 08:00:00,34.29,51.5,0.0,8,0,0,0.9,23.0,29.52
2024-07-29 09:00:00,37.4,32.8,243.68,9,0,0,0.9,23.0,33.9
2024-07-29 10:00:00,38.31,16.3,417.74,10,0,0,0.9,23.0,35.43
2024-07-29 11:00:00,39.31,8.3,522.18,11,0,0,0.9,23.0,36.91
2024-07-29 12:00:00,39.74,7.7,556.99,12,0,0,0.9,23.0,37.52
2024-07-29 13:00:00,40.13,10.4,522.18,13,0,0,0.9,23.0,37.9
2024-07-29 14:00:00,40.77,12.8,417.74,14,0,0,0.9,23.0,38.36
2024-07-29 15:00:00,40.53,13.2,243.68,15,0,0,0.9,23.0,37.55
2024-07-29 16:00:00,40.37,12.9,0.0,16,0,0,0.9,23.0,36.63
2024-07-29 17:00:00,40.61,13.8,0.0,17,0,0,0.9,23.0,36.92
2024-07-29 18:00:00,40.28,14.9,0.0,18,0,0,0.15,23.0,35.93
2024-07-29 19:00:00,40.2,14.2,0.0,19,0,0,0.15,23.0,35.84
2024-07-29 20:00:00,38.85,14.1,0.0,20,0,0,0.15,23.0,34.21
2024-07-29 21:00:00,38.22,14.5,0.0,21,0,0,0.15,23.0,33.45
2024-07-29 22:00:00,37.74,15.5,0.0,22,0,0,0.15,23.0,32.89
2024-07-29 23:00:00,35.23,16.4,0.0,23,0,0,0.15,23.0,29.88
2024-07-30 00:00:00,35.06,19.2,0.0,0,1,0,0.15,23.0,29.69
2024-07-30 01:00:00,33.72,29.4,0.0,1,1,0,0.15,23.0,28.14
2024-07-30 02:00:00,34.51,33.9,0.0,2,1,0,0.15,23.0,29.11
2024-07-30 03:00:00,33.85,36.2,0.0,3,1,0,0.15,23.0,28.32
2024-07-30 04:00:00,34.99,37.6,0.0,4,1,0,0.15,23.0,29.7
2024-07-30 05:00:00,34.16,36.7,0.0,5,1,0,0.15,23.0,28.7
2024-07-30 06:00:00,32.28,52.2,0.0,6,1,0,0.15,23.0,26.52
2024-07-30 07:00:00,33.33,50.0,0.0,7,1,0,0.15,23.0,27.77
2024-07-30 08:00:00,34.97,44.3,0.0,8,1,0,0.9,23.0,30.3
2024-07-30 09:00:00,36.06,35.2,242.94,9,1,0,0.9,23.0,32.3
2024-07-30 10:00:00,37.85,26.6,416.47,10,1,0,0.9,23.0,34.93
2024-07-30 11:00:00,39.03,20.1,520.59,11,1,0,0.9,23.0,36.62
2024-07-30 12:00:00,39.72,16.6,555.3,12,1,0,0.9,23.0,37.53
2024-07-30 13:00:00,40.46,15.4,520.59,13,1,0,0.9,23.0,38.32
2024-07-30 14:00:00,40.64,15.4,416.47,14,1,0,0.9,23.0,38.21
2024-07-30 15:00:00,40.84,16.6,242.94,15,1,0,0.9,23.0,37.94
2024-07-30 16:00:00,40.9,21.3,0.0,16,1,0,0.9,23.0,37.3
2024-07-30 17:00:00,40.67,23.0,0.0,17,1,0,0.9,23.0,37.04
2024-07-30 18:00:00,39.75,17.2,0.0,18,1,0,0.15,23.0,35.31
2024-07-30 19:00:00,37.28,20.4,0.0,19,1,0,0.15,23.0,32.35
2024-07-30 20:00:00,35.95,24.2,0.0,20,1,0,0.15,23.0,30.78
2024-07-30 21:00:00,34.88,26.7,0.0,21,1,0,0.15,23.0,29.51
2024-07-30 22:00:00,35.02,28.0,0.0,22,1,0,0.15,23.0,29.69
2024-07-30 23:00:00,34.95,28.9,0.0,23,1,0,0.15,23.0,29.61
